app,num_functions,avg_duration,std_duration,min_duration,max_duration,avg_invocation_rate,cold_start_rate,total_cost,total_carbon,sla_violation_rate,num_invocations,workload_type
03e48744252ef7220ab21528a5ccb8ad865450cf5fd2b923ba8ef0a11f82a8fe,1,24.29123763375732,54.60304182243552,0.37795275590551186,210.26771653543307,-0.22858736898850973,0.38461538461538464,150516.12850998307,145.29398751856658,0.11538461538461539,26,bursty
046b5f12d0ed300f37f207b6fb77b87e23fad3a7480d764b0f278e9822b945a0,5,34.15555742480634,63.60707362650768,-0.07611548556430446,531.1758530183728,-4.158625143540969,0.005109150023223409,92632914.32315968,234381.18221289356,0.0033286886514940395,12918,standard
06da275043bac5526d5c2252a4daa222bb062165977f111b693ed8d335917291,3,1.2410048116649595,4.44872547097087,-0.11548556430446194,214.44881889763778,-60.37166326795624,0.0011567894643174943,78675758.08558017,12380.208657446434,0.0009788218544224952,11238,standard
0aab83a24e916a309c47a49ffdb2de16516035004fb258af68711b171d5dcd13,3,0.532773711656087,1.442596333562789,-0.11811023622047244,15.897637795275589,-0.2557228951012118,1.0,884751.4088728714,91.40228770705156,0.6872246696035242,227,bursty
1573b95c039e51cc012b543a4af3bc7c3ee9485acbb0033ba5648b74969e0556,5,158.77663574426361,87.18059934097754,0.5275590551181103,1352.6824146981626,-0.2536276189368674,0.015730805292217938,65335993.95801797,2250207.0718184677,0.010938639441608502,9599,standard
165156b067e9299ab6ed83ce305f65a01862321156661a07906cbbfaff0fd7ac,1,6.523434570678666,1.146391732388795,5.349081364829397,8.782152230971128,-0.2558417711267654,1.0,4.269938909050991,47.98759762017313,0.7142857142857143,7,bursty
1661c8faccd5c7ce3ba6d326dc7fb1f14e74bc7d2c2f48a72fd50f6a9f31d44a,1,0.6482618244148053,0.492791253597282,-0.06036745406824147,2.2467191601049867,-0.20137273438775885,0.8938775510204081,1963460.1262652762,154.8978371336999,0.6244897959183674,245,bursty
17c37a0fdd5d1932b755c0e6447137bc08fd524f455e14fdac414f584de08dc5,2,-0.04086061897914364,0.39584572836735277,-0.10761154855643044,15.981627296587925,-0.010805337718599654,0.012364591311959734,62467241.207505144,-603.5922194673278,0.009081956450377503,9139,standard
18ed3ca44bd1f7d411f1d047ed8cf38853fb184196afa59e91e68e5d06fda834,6,0.42073360232955953,1.0965617887078816,-0.10498687664041995,20.246719160104984,-0.21551701081566235,0.40696517412935324,6275667.703225971,708.5061344265885,0.2835820895522388,1005,bursty
1c4353c2703fb1664d665dd695ef1f95ac1a5c9f2d1007ed2d17107d89ab264d,1,7.7808398950131235,4.682494511636902,4.469816272965879,11.091863517060368,-0.25555356032744714,0.5,6.241168782426165,8.086050225139985,0.0,2,bursty
1c5682a8e57d04d0399b33a181f549eae87392cb3b013b1d2b1035ba95be4ac0,1,0.01837270341207349,0.11040794024306144,-0.10236220472440945,0.10761154855643043,-0.2556871834435771,0.6,0.0009226714441095503,0.536507475701788,0.4,5,bursty
1de6db5cc9a0296ef5998382d86fe68565054c0a5ede8f3481af245a8d826a04,5,20.606806616091703,33.98134685301246,0.6456692913385826,559.9238845144357,-0.25508251976768676,0.037177063642092,54565878.86500414,302921.52398779406,0.0258349086326402,7935,standard
21e3d223c039daacbcfca34b61ef4f162b039c9a2582426b3cb88da37930fbb1,1,18.946194225721783,7.577734875550322,13.587926509186351,24.304461942257216,-0.2551479220153165,0.5,129605.41232366303,6.331235302741928,0.5,2,bursty
220343d206dfebdaa23b4be29d90af6d297e995dc4bc3ac9fa117c1489f00707,1,0.45840541239163285,1.2564972808330102,0.04199475065616798,18.68503937007874,-271.385167808352,7.891414141414142e-05,92137037.06973644,26232.687147973804,0.0,12672,standard
2709aa426c73ec158fc831aecc70b59f0af3f60342051fafa4a92402e2f79ca9,3,0.019122609673790782,0.2478045503686019,-0.11811023622047244,0.8845144356955381,-0.253812740220626,0.17857142857142858,244769.70258841504,6.028195674254711,0.14285714285714285,28,standard
3029b453646555d8cfdee69c93f48eef716a60139b5aa63f9d055e0d0c64621d,7,1.2899917115623705,3.530627583994254,-0.10236220472440945,15.398950131233596,-0.20960339431021088,0.34210526315789475,295283.82859057374,281.03554072149325,0.17105263157894737,76,bursty
341a2b2b3affc84b61502aa373df22557db55c7c304014b3ac84499247374f43,3,7.739505913435927,32.092732073148696,-0.028871391076115475,327.2992125984252,-0.15674969573837538,0.009933774834437087,70393196.11696129,94437.04384524327,0.007499026100506428,10268,standard
34bebca9cd2c3d5c84153f32c417e6082fb23de8dc38dc05a729ef0b4950ebb6,2,10.113713910761154,47.690914116749376,0.18110236220472442,303.29396325459317,-0.2502997449500394,0.075,368441.41579593834,52.84007548340291,0.075,40,standard
37a025445321ed431e18bd48a4770a00e4adce4bd3a7a3c43b3238f69a5b148b,8,36.46495078015911,46.25710027782624,-0.09973753280839895,487.07349081364833,-1.6290570762550345,0.006622516556291391,11443034.764209045,19677.863707658682,0.004415011037527594,1812,standard
38c3814fedc3e47608312aa3c797c055fe30c92ba65aecc172b5a03257d6e872,1,4.443569553805775,,4.443569553805775,4.443569553805775,,1.0,3.096143209105051,2.139131949528652,1.0,1,bursty
3e325e5d1375e6a6fbccb1121ea08f6b488dca83dd95522e1464be267aa6f3e0,1,262.27129012719564,186.4873358570038,15.380577427821521,585.6089238845145,-0.0384699193724135,0.007692307692307693,790813.0937874097,7912.714443436485,0.007692307692307693,130,standard
3efeb602c2eb29e2729b18ad18da8936f44c862a205fd915f5a40c8df429cf04,23,0.4383279523687858,0.963170916799365,-0.11811023622047244,5.259842519685039,0.7712784475724962,0.3303834808259587,2295344.3299673386,167.33096240539487,0.2448377581120944,339,bursty
41b8611922a7e03fab9cdcaf07c13c95ebcb3eb242b8297d54c88dcd1b6e97ad,5,148.90813648293963,183.4873449648252,0.9553805774278215,455.60629921259846,-0.2535897041127654,0.7435897435897436,251180.5223812622,12458.016339282134,0.5897435897435898,39,bursty
458c67821d1d6a60633104e961b1057aae34aec42edf4abf0a940929f9820c55,1,75.85564304461943,71.00018097405903,0.6561679790026247,229.11548556430444,-18.824128255437774,0.009615384615384616,723118.1168452556,5375.275552411918,0.009615384615384616,104,standard
45adb7409f430f557486607e2d2c28e257611852badfdad9eb210fc71972b332,1,13.739595050618673,9.083649615811972,0.9291338582677167,23.225721784776905,0.9485010794202032,0.2857142857142857,107168.99041767872,100.15598200183895,0.07142857142857142,14,standard
4b22cc3e1988174edd67d91fd7a82a9977c1719601065e5740d54074a6910170,2,0.11299149616906626,1.414641235299272,-0.08661417322834646,30.706036745406823,0.27523046646883936,0.010987623137155848,52323678.8659566,6226.616670135501,0.008082849204344532,7918,standard
4dd59aea96ab30b4156e2166b472206ff912315495a3c4f713fbdc240d06b9b0,9,8.494002451743313,14.573902537732227,-0.11023622047244093,167.76902887139107,0.683144659920859,0.030161054172767203,24369680.992016174,10794.961713039485,0.019619326500732063,3415,standard
4f5eafc2b3d6ead5cc034aa58932c0020fac2dc1469f2c30ddf76534ee6c1469,2,16.321633915995104,4.677635276076168,9.325459317585302,45.7742782152231,1.1385833071687812,0.18181818181818182,2846265.7303808834,9675.03741051261,0.11143695014662756,341,standard
4f931629ab2497de387e3ba8abd1228ef01acf83aa0bbdf157bfd499f5605f6e,2,0.39670041244844395,1.3322402407176333,-0.11811023622047244,5.766404199475065,-0.2261829502137021,0.24489795918367346,616286.6750790593,22.79134852695554,0.16326530612244897,49,standard
4fd9ef036fda3832e6bb4e57f1cc1395c248edddda334ef8aede099536a5bae3,2,0.8048438965876153,1.375549486429141,-0.10498687664041995,8.598425196850394,0.09469222026433538,0.14937759336099585,12028781.239681065,1467.7444506011777,0.1025489033787789,1687,standard
51dbc1cbb708f14d997d60d9853f2dfcbfb5c542db327809635d554e2f15cba5,1,314.26507706829767,193.22412245307953,0.4514435695538057,742.4776902887139,-93.98595595583372,0.0011273957158962795,6051339.92997512,36324.17919637515,0.0011273957158962795,887,standard
530c944fe7e078ffea40edffe5ade5855be59be23431f14b5957a9dc51843397,1,113.6745406824147,,113.6745406824147,113.6745406824147,,1.0,105260.56179691516,19.301750617225313,0.0,1,bursty
5466ca598a6b68be7337ceb7aac09a5dd5343fa2b04e24577441984e1254f3a6,2,45.017669439946154,41.566817742249455,-0.09186351706036747,288.46194225721786,-0.6764607709751941,0.0004995836802664446,44900840.949644014,34884.550089075135,0.00033305578684429644,6005,standard
57d15fc6e7154e6c733abfbb4467d0e89bd95f67b4e77e91861a7c9bf17e8bf3,1,0.17375328083989502,0.38584194802940863,-0.013123359580052486,0.8635170603674541,0.04909843945434539,0.2,95205.378681886,5.482882856850965,0.2,5,standard
5a214e8e4550048928db64ece5a7db31a51001f7e3dcf395f310361231613d2b,1,32.37822807114146,7.7556975963854455,1.538057742782152,47.10761154855643,-0.25568919598282425,0.9230769230769231,1371260.8786995139,1119.1434809287314,0.6713286713286714,143,bursty
5fb02cfeb979fec16df02d1ece227157238477b19fc6e37554e2e2af6018d3ba,5,0.4961646194225722,3.845177865005378,0.01574803149606299,133.60892388451444,-18.571515676983676,0.0025768421052631578,420515368.85105467,49236.00286085881,0.0016842105263157896,59375,standard
60bb8c2ce1c44989ec8d0cbcf561e1eba665ad1937007193185789eaa5da84c8,1,9.910761154855644,,9.910761154855644,9.910761154855644,,1.0,0.966715586847597,10.392312382213708,1.0,1,bursty
6139f1f15c382fa840e754686b9a238e77b255835c5ca2b846cc52cd61156276,1,27.411417322834648,2.8618204045991775,24.07874015748032,29.892388451443573,-0.2558428592448026,1.0,20.59624104399495,214.06443896393984,0.75,4,bursty
62ed48c098820db02aa8e99ad41e5438e61334ba7b1618aaff2f40868c927a97,6,0.8297878495952311,5.8320364778419735,-0.09973753280839895,631.3228346456693,-1.0530430049285655,0.0004402676827511127,884642952.0584145,64468.620609299105,0.0003041849444462233,124924,standard
641f0f86d3d9f681ff0faf8e6f1178dda0f915724e37ef380f45d551022f3cda,1,-0.014773153355830524,0.2916771353572729,-0.10498687664041995,1.4488188976377951,-0.07219876049834643,0.05714285714285714,310019.85119824455,0.5665844099787285,0.05714285714285714,35,standard
64f056310269572d34dcf626607cc098da009963bd4526ca45418a55830fc235,1,0.3758530183727034,0.8432969162555053,-0.11023622047244093,1.837270341207349,0.34249669890502477,0.4,15.322670116077958,0.19288721143089313,0.4,5,bursty
67b406bcce86bae0872f25d73079c25ff0e1b159cdc4f3bfaadae99ca73d3dc1,2,19.999080854192837,35.21909828145016,7.325459317585302,386.7007874015748,0.20115476981884173,0.42412451361867703,1312799.9841934375,2485.7258818783953,0.2840466926070039,257,bursty
682c50b946b6efb68d6610e43b5caff289e8aa39b3aa5db1c1dd4f030eae5708,1,3.5987640494609945,0.7514112687266647,0.5800524934383203,14.21259842519685,-0.2553919735703024,0.002188183807439825,3398502.774400688,3271.5219277608276,0.0,457,standard
68d84244f6a3c212c69884d292b01a04ade8573f6c7b7407e39e0c44fd8e659e,1,0.19537210272185362,2.244342802266606,0.013123359580052486,127.5774278215223,-0.25509118800025044,0.00018221574344023323,36057930.69771474,-29.314640688442342,0.00018221574344023323,5488,standard
6e42a4e8ea1df408e059ba37d0e04255fd8385235b310265a57091132d760a65,2,26.879765845008336,56.23748567081246,-0.09186351706036747,218.80839895013122,1.1488168683689617,0.001471529110684581,207903497.86427018,436192.82510738587,0.0009916826615483044,31260,standard
70b9cea7ca266637479483f517194c402dfe99b5fc2357e6ebac5e715c9a34a2,3,6.289296046674929,33.903428951006674,-0.10761154855643044,802.4199475065616,-10.30949478964317,0.002255105307849715,514099612.97768676,470761.09084179037,0.0015173239417013518,71837,standard
71fab9125e9dc96cc1e0464ce3775789681facaee3b5b8c2fddf550ed7ae474f,1,2.220472440944882,,2.220472440944882,2.220472440944882,,1.0,0.21576204848755254,2.3623515750127893,0.0,1,bursty
734272c01926d19690e5ec308bab64ef97950b75b1c7582283e0783fce1751d8,10,81.30069464391647,215.91675814746708,-0.11023622047244093,1478.8897637795276,0.4704928403129419,0.09772888116837161,210856728.80136818,9420280.371420143,0.06816573377082931,31086,standard
73e9cf25a1a3b312f60ead2177d7d259f128661e3b6763e2515f92438b30e514,4,0.742819223868203,4.491950115027554,-0.11811023622047244,56.91338582677166,-0.23685477919186138,0.0696798493408663,7668952.276025201,164.87337494712986,0.04990583804143126,1062,standard
7958f89676bf3653f72cda8f38f6b3c0574dcae5169824a571b6996732dd1425,4,1.996427492767794,12.85494420801286,-0.05774278215223097,350.41207349081367,-0.041109543857371096,0.005084994036118106,985626453.8794508,297970.65078681655,0.003599255037910758,143363,standard
7aa2508882a841c9495b6622ccf199825048b904b8c4e8e03fa735c367922900,5,21.924278828313415,15.108157385024994,0.1548556430446194,344.9711286089239,-0.767696704959678,0.0029505778214900416,29198789.08487953,91262.66786029862,0.0024588148512417014,4067,standard
7b2c43a2bc30f6bb438074df88b603d2cb982d3e7961de05270735055950a568,12,1.4931810887038948,16.18447398621636,-0.11811023622047244,400.09973753280843,-0.2458352024857026,0.06808326105810927,16534208.029909864,7928.374431820947,0.047267996530789246,2306,standard
7d37cefc5c5fd0c861664e80fed91c786518aa3635b855890c1a53c01700158c,3,1.0354805730320988,5.563006516752333,0.0,176.11286089238843,-0.24814799161103185,0.05942733657482442,12338446.825391144,5320.717038836905,0.04213938411669368,1851,standard
7e425fa87bc12971a26a9b5b31db5136f9a74bb0eda98f3436eaa0e9cc77da60,2,-0.055279078190183635,0.1603840840113899,-0.09448818897637794,2.349081364829396,-0.10084175566691615,0.004258943781942078,8266251.467602714,-10.061349980136447,0.004258943781942078,1174,standard
7fa05b607ae861b85ec53cea12d3efaed8be0f9a92f5d6e8067244161d491e96,1,95.37622546408603,18.95398009961516,20.257217847769027,148.21522309711287,-0.2519373559504265,0.00019327406262079628,36373657.18007691,64065.015434274974,0.0,5174,standard
80ba614b065a683617ede0301628894e09696621dad052e18d6541ba97530e61,2,3.600911728139246,4.796051809498269,0.2152230971128609,12.94225721784777,-0.24217400392149777,0.3684210526315789,207449.30636444653,242.67133691763644,0.2631578947368421,19,bursty
846a33ce84d2b4bfb58d3b96e220068d2c0976682173f2739afe3a2d5d7e08f6,1,14.424821897262841,8.682358355936286,0.8031496062992126,21.070866141732285,-0.2556973021969867,0.8928571428571429,231043.51826539604,136.44815793489286,0.6428571428571429,28,bursty
85479ef37b5dc75dd5aeca3bab499129b97a134dac5d740d2c68941de9d63031,9,63.3465644408304,101.83641192189405,-0.11548556430446194,782.9212598425197,-0.2535834411741565,0.031996377768554504,183454960.93821692,3415793.398272664,0.022148436026110253,26503,standard
85effaac4d59e8d2b8cce94be2794ccae809b5ee04701003a3475bcef198a7c9,7,135.6329260277872,138.42254553522494,-0.10761154855643044,787.9160104986877,-9.343014024300588,0.0003189792663476874,183824428.73383856,5048390.934398704,0.00027910685805422646,25080,standard
8a9817064c66ff2f10fee3c19f644a7215c2a7614c4d600ee79c2e6c74ebe2cf,1,1.3527264010031532,2.973873956010797,0.13910761154855644,15.572178477690288,0.6457615531524983,0.0117096018735363,3504335.8172086687,2483.4428074118323,0.00936768149882904,427,standard
8d13ca6c1e7b4541410efdcabdab0138805b7a927184060f9cf1a728f91152f4,1,2.1697287839020123,0.6777619161761199,1.6115485564304461,2.923884514435695,-0.2558426851455132,1.0,0.04530589862881594,1.3493163014127203,1.0,3,bursty
8d5a5cbc5dcaf950677811c48b96afddaa1f0beccc6fc335ec2b43dc151935f5,1,10.070866141732283,0.8176061557061195,9.083989501312336,11.393700787401572,-0.2558167249370292,1.0,26759.78682682609,7.487728262542853,0.6666666666666666,6,bursty
8edcb2c8634528c66b062785169a74c209201e03e0d53c932775acabec4bf702,1,16.293669572091666,11.839246613588422,-0.02099737532808399,340.75065616797906,-0.2553920170594993,0.0003518648838845883,18270562.899532385,173141.52152391543,0.0,2842,standard
8ef86af9762af3472a6e9ed3d521dc7b6eb8808476d3e1a89e93664455c17b89,5,28.493932244462133,23.653624291253394,-0.01574803149606299,129.58530183727035,-113.42464466193465,0.008221680876979293,24646949.825916402,45475.60826314031,0.0054811205846528625,3284,standard
8fccbc5264ff823b934d6651158d06d3589118fb9826a1c5fddc53ac712cb0a8,1,97.00505682976991,94.82157986785161,1.427821522309711,599.0866141732283,-0.9863039109645391,0.0014524328249818446,9792256.600042302,64977.576682659506,0.0014524328249818446,1377,standard
938e7f49544b3293cd6cc7ec3e63e1751085cf5cb6a004dcc9e94543934f607b,4,1.1199864495702516,4.6739943915222835,-0.08923884514435695,188.41207349081364,0.22455211471059053,0.04430961573818717,38539797.6671178,9523.044622003204,0.02923331494760066,5439,standard
93b7777259b0d610403b21ed616ee883c5a42f3aaf0e449a4cf00258ea2f6197,3,1.5920093321668125,1.3208888685559632,0.5958005249343833,4.716535433070866,-0.25584235869925814,1.0,0.2880803448499602,5.44796051683669,0.7777777777777778,9,bursty
93c57176225d0e98932ae0b5a2e23c334619598c6c3e8cbd0c6ca22848ff6cbd,3,1.4790026246719163,2.6336927220456436,-0.06036745406824147,5.409448818897639,-0.25563677993900197,1.0,4.115199218945089,21.071900130937493,1.0,4,bursty
9417b97516aa524c256a51fea6faaaaea2376b83af98a9b7b9ab377e6d5b500f,1,1.087270341207349,0.34469164512249634,0.7296587926509187,1.4908136482939631,-0.25584260679910137,1.0,12.25970943989779,0.49403396719736814,0.5,4,bursty
96149d3ed4f00afb92f12856101e693e93c4683f030ae6ca6ebfbb7ba5a2a345,16,0.9678662117685118,2.4127207271874935,-0.11811023622047244,335.81364829396324,0.005268661609163821,0.0031174454542672665,1848441812.9138002,176914.00685368717,0.0022070748798922856,261432,standard
975dcb62013d897e0b98a6e0125e5cd8b734f3d3ccee0113b4c1d156db0cc208,6,0.016308819541165063,0.440630114979375,-0.09973753280839895,7.2939632545931765,-0.14651440053191658,0.07005253940455342,3707151.409006264,69.96532152779066,0.043782837127845885,571,standard
97b9300c3b009d6eabbbada78c1824841b9ce9d5f98dc1097c61df48e5e9f689,1,7.713378485032028,5.16753078213832,1.8451443569553805,46.46719160104987,0.26214800209663147,0.24475524475524477,1298513.6784502163,248.45815648499138,0.18181818181818182,143,standard
a03d8277f9ec95f7202dbb6fbce63466b552f028c9aedffa03791d629e58124d,14,42.607638330922924,39.062346172987624,-0.09711286089238845,84.83202099737532,-0.20175030738491945,0.17346938775510204,505733.0287841329,7762.447911281563,0.15306122448979592,98,standard
a0ed6d33dc4622e0a557f45a85a64d359ca20c3e5888fe64519cc08893395a98,15,4.788580693072113,16.16391413354154,-0.11811023622047244,113.18372703412072,0.5976226354155215,0.042116630669546434,6572604.126187369,1302.1883902076909,0.03023758099352052,926,standard
a25e2d58c503c1a3b917134723cc45599d233fee3bdb9e0efdd6195c9c026d40,1,0.015748031496063013,0.17816863777928754,-0.11023622047244093,0.14173228346456695,-0.25348199952405553,0.5,6.126430743886769,-0.09327333434041951,0.5,2,bursty
a4a3c0390fad6c1ab8f2dc77113af81781edc24961772adb9fe5219bd8b3f2af,6,138.3604531636332,144.1471236973911,-0.10236220472440945,787.1758530183727,-3.836225918103153,0.0003050950879690837,135145533.45144433,3896790.1688650157,0.00015254754398454185,19666,standard
a55aa23d7c2a7c801bc9e68afe4c90c86dc0486922e472373cf71865aec598a4,3,287.08585858585855,159.06419096525232,-0.11548556430446194,758.8897637795276,-0.2557647099023675,0.996969696969697,3195986.154793653,73707.14496266167,0.693939393939394,330,bursty
a594f92f84072b4cd031fe5283d1781a6e98f430696dec0a8e3b02eadb5fc0b8,1,-0.11637950204226456,0.036942165590015764,-0.11811023622047244,3.73753280839895,0.40145538015719756,0.0002677125553444225,3719248644.2934937,-43658.91729079357,0.0001965721560221284,534155,standard
a69fc53dccda50426d25798e7da838913103ed1009f513f6e1e47baed3b34ae0,1,44.501027726242356,100.27123356904383,-0.08923884514435695,1479.4540682414695,-0.3701195047069738,0.003621644652748189,30806094.05539832,203492.2735290208,0.002343417128248828,4694,standard
a6bbb3b6d85b46b1918a5a4ff25a04b7ec99f5706e05f18c20b766f3b5e80f91,1,2.263779527559055,0.4934313396501828,1.9763779527559056,3.0026246719160103,-0.25584211931919937,1.0,2.684527008944251,28.926514734056695,0.5,4,bursty
a83894b2184e57e722b73e2ffef16f2efa69307f409232ca36a02fe03bca2553,4,3.9753233619410766,14.878558665167922,0.07874015748031496,176.18635170603673,-0.2556443682426331,0.9865067466266867,5413337.151636727,6865.373285051437,0.6671664167916042,667,bursty
a9644719e5d173a27e098cffdd5e9227ba9c4a325d082c84d8bcadae6723f19c,2,0.039658130241021744,0.48539651258860145,-0.11811023622047244,160.07874015748033,0.17988529846216603,8.527730046177658e-05,1606090287.068942,4533.861610520258,4.263865023088829e-05,234529,standard
a9fd6223e00378edd60a03c721f9345f34d198757a4057b349d0e85e3aa111b2,29,2.178094084393297,11.174957139287514,-0.11811023622047244,109.25196850393701,0.20005426595492265,0.19725274725274725,13299522.92761753,1844.8011700030233,0.1357142857142857,1820,standard
abee572c88a5173c16c16f406e2fece9c1f2bdf3a15e6174275e70772b12540e,1,74.06771653543306,14.141186690842085,60.31496062992126,127.01312335958006,-0.255647926542445,0.5333333333333333,341226.25389223505,2163.933923679382,0.36666666666666664,30,bursty
b1034a4b389601e02fcf2318a83a64cc779bf47aa1100a6782cf14c91569cba0,9,4.123525055441513,7.103694739254142,0.0,81.35170603674541,-0.25434462683713044,0.03893374626700586,62368202.38513316,22059.98279608917,0.02654573609114036,9041,standard
b5450811f2226912d7c86164eeca69e414c0407a87152597b8c7fbbc2ab8d110,1,11.214488188976379,6.937221496092913,4.824146981627296,92.38320209973753,0.6205125316104784,0.072,2646627.915140064,4407.608883794766,0.04533333333333334,375,standard
b5cd624f4d49f3dc1805e80f0dbb9cab5457d3c0bc601ae297d6b0d5c385d046,1,5.202624671916011,1.3155818127184102,3.2519685039370074,6.640419947506563,-0.25584252192841567,1.0,1945.453841299991,55.1735462340398,0.6,5,bursty
b81ed828cb5e719288b0c64b3e27bcd36d78d32c4e45657670b847f988fea43d,15,-0.08058482368603008,0.07264510827310076,-0.09448818897637794,5.0236220472440944,-0.2547079305991174,0.000982961992136304,100540033.18076622,-159.9412339007959,0.0008519003931847968,15260,standard
bb0034ea3bcbe04517b985e341b60423898b2b91d605453e46c7711d21f597b0,4,6.140361943707313,4.579163092846578,-0.07611548556430446,34.40419947506562,-0.11403608572590329,0.016574585635359115,4619260.659616879,12250.75474833527,0.011049723756906077,724,standard
bbc455780b7161c4bdd07fe8b250716a429f603b37b977d476ed9f2530a989bd,1,24.28021815863722,18.234863166804377,-0.09186351706036747,83.70866141732283,-0.1563830842086017,0.05847076461769116,4346887.014073319,60433.33328006525,0.041979010494752625,667,standard
bc11bd0a836eb393fc40cd50e1aa637e56e64a50e172b76d55fca14b93cd07eb,3,7.55793025871766,2.114321379145503,3.976377952755905,10.813648293963254,-0.25368837257655036,0.7142857142857143,27.028162816591376,404.20286544386306,0.5714285714285714,14,bursty
bc378b6d0bed33290bf2db3aeee341a9e4137b8fa608499f46b9bb568964e71a,1,3.332376216130878,5.502166056562961,-0.09973753280839895,90.08661417322834,-28.405102157844773,0.0002451781627983001,81227055.658313,18622.408431081112,0.0002451781627983001,12236,standard
bc7554e7f013bbc91b1f255886b5cb6b8c3aadaf8dfa4ec617e331aea56a2201,1,53.37627092729913,75.78449378164474,1.3963254593175851,243.81102362204723,0.11784058047920012,0.009708737864077669,832997.7754107368,1429.9195239004137,0.009708737864077669,103,standard
c2ea3952c7a77d5335c358254b67dd0c1ddfc4815961df4d52a4f0074e7265ac,1,56.36035583442695,122.78324236554091,0.8871391076115486,671.3569553805775,-23.123058413721836,0.0013020833333333333,5269293.091766313,80543.74763369081,0.0013020833333333333,768,standard
c6899d1b80112b58a796ca93c515e3f87b6d5937f8c8bad14c72e084ac92411b,1,152.58627503022797,71.73789043837323,18.821522309711284,410.82939632545936,-0.2339732762270702,0.011235955056179775,711711.0378180849,3149.6237945028383,0.011235955056179775,89,standard
c79aae5f316a650ed75860737474bbc1b5211f029f6179560c6653f1542a0c95,1,0.7692139867906939,2.191832472092237,-0.08398950131233596,27.808398950131235,-269.1321094345764,0.0012594458438287153,5125199.71249763,55.048349537996685,0.0,794,standard
c864b7cf40f389cbc36caa56b6590f7622969b6e867ef17c8405e5226b0ec2ea,1,82.29238845144357,5.405486672993069,76.96062992125984,89.35695538057743,-0.2558420844891011,1.0,113.40676204626118,1263.495430415565,0.6,5,bursty
c8c43e1a911f29e5506460a2fbef61ff39723d672f3b3b67d12d4c236c6872f7,4,27.548667270453024,48.2115409573988,-0.11811023622047244,1321.246719160105,-0.25470432247276464,0.1013150583441378,39412169.455090106,306575.9186982594,0.06945730690868679,5399,standard
ca4fde7aa358b20b77fb6b6e65e1bd4d92093608481b817cd91c565d74858c25,1,14.736668992325326,10.225364162323968,8.272965879265092,60.018372703412076,-0.255827672495422,1.0,875947.4421307365,793.2423980380938,0.6329113924050633,79,bursty
cd1309cf6db9f944d8210d820906c48e5e29273217f2b3083799dd2962fce135,1,1.9921259842519685,0.22642264384451152,1.8320209973753279,2.152230971128609,-0.2558431423351061,1.0,82199.12862631887,0.9385629264198545,0.5,2,bursty
cebc121403bf0d9dff29c976ca82b8a65c400ba609db4eda83afbf7a20fc1d0f,2,0.18831230433545204,0.8020613513780801,-0.11811023622047244,4.8267716535433065,-0.17365966594524812,0.1108433734939759,2213702.4851996503,-1.4064915093213757,0.07228915662650602,415,standard
d27353c8ad7c924a609457eb5a53333a7e519bcf8efd884dcca7ffb908ca3fa6,1,19.138325295031116,16.625255979350055,0.2887139107611549,339.34645669291336,-0.1762867659119213,0.0020367610531544958,141924278.00213602,375707.8923558567,0.0013412816691505216,20130,standard
d399b29c39aafde69884d67ced0990a879c305854eca7e5bf88c26b6c6f389c8,3,1.3447472503264535,2.089434767438108,0.08398950131233596,75.83727034120736,-0.6037802160636868,0.0027609055770292656,49266508.759080455,10737.993668318646,0.0013804527885146328,7244,standard
d73164944f1fe92f5919f1f33b4f30370bf3a0afa149fc82c3e4fdd59975ad5a,4,0.11390357027289397,0.852095486298081,-0.08398950131233596,7.648293963254593,-0.15794160118659564,0.0639269406392694,1666683.8430881982,19.594379445475766,0.0547945205479452,219,standard
d929e795459178fd168f88296ee1bea4603ce5e83d7ff0fa0c3732a9bf3c6f4a,1,2.7006233595800526,3.449160243730536,-0.055118110236220465,10.015748031496063,-0.21433422718358855,0.5,232624.82723293453,29.441741907761873,0.1875,16,bursty
db6be4a997f386b37c6246aaeecf81ab81562db84cf4c0d44907d9df2d0ab9fc,1,0.1800481496146527,1.7806073788311694,0.034120734908136476,61.524934383202094,-0.2550911766400716,0.0006365372374283895,12335929.671281714,192.7277921371466,0.0,1571,standard
dd81ee53ae84624a29382a50941b34a66e83f308edb4a30668ae4e7a1d40a418,1,13.584205455330741,4.885798115716357,8.112860892388452,35.8477690288714,-0.2557130886647484,1.0,2776003.338949073,9018.097210182657,0.6329113924050633,316,bursty
dfcd50e431bff00cbb9b2fb9e3e6f312fab091b64488a46c6dffe525830aacea,13,1.853228346456693,5.045847801625524,-0.11548556430446194,23.832020997375327,-0.09852667395426767,0.52,426183.9177563508,149.86586442347078,0.38,50,bursty
e6c7bb410627e9eb37c91d002afd1d2081419fae9c7fb745386c01f4b1fa422e,3,0.5489938757655293,0.6226027546382965,-0.09711286089238845,1.5511811023622046,-0.25571771983624597,0.8333333333333334,0.49044217376223803,8.227240528490888,0.8333333333333334,6,bursty
e92487a7ec042235201f19c235fe8c35b814a16405bd7394488975e9bed2952b,8,3.930088284418993,8.0411765404756,-0.11811023622047244,29.440944881889763,0.17975712241322167,0.5,162021.16791711617,63.426482799601615,0.4090909090909091,22,bursty
ea65064e04faf35c6a49ca87e25e17ec61cd429e5fde461f5ca80b54474e908f,5,0.5912101412855307,2.0188641601450343,-0.09711286089238845,18.335958005249342,-0.2198004007155137,0.23404255319148937,1294614.8011232521,112.40289156728333,0.1702127659574468,235,standard
efa202d17ba66651433d0a55699bcd9ee5fea3a50ad09c66ed9e33bf1dd49c51,1,5.672352180467237,15.297133296999535,1.989501312335958,235.0,-0.25536149847287454,0.0029154518950437317,2608396.1971163494,2046.577163624816,0.0029154518950437317,343,standard
f0fa62feeb880620dbac82e8bceeab21a489264d885af13a1e63179416c4345c,2,56.65416493990883,62.14910449482271,9.968503937007874,193.32283464566927,-0.2213100822849754,0.6578947368421053,219200.24064097472,4502.3506692516185,0.42105263157894735,38,bursty
f274d71de386ccc77e4ca74766dbc485461c3053059d47266463c45ec92001b3,1,11.444322068437097,18.084824466432195,-0.05249343832020997,423.3228346456693,-0.2553920681094493,0.0009937888198757764,27928044.999365017,22323.94065935924,0.0007453416149068323,4025,standard
f7bfe5bc8d2a37a5c15986fbfc2c477a746e866adcb9663f9df7535b61c3eb9b,1,0.17810346262157029,1.5990274597549379,0.0,65.13385826771653,-0.2550912576058581,0.0001488316713796696,50904616.52476621,-64.1249063460404,0.0001488316713796696,6719,standard
f8a0e46efc7202b8d1ce896a4e0919f3b3e6d496c244a3a4c5b74ef135416264,2,-0.05741801789086859,0.14046463387121702,-0.08661417322834646,5.593175853018373,-0.25470834376727736,0.0011564035848511131,23472461.90713967,343.92303961729095,0.0008673026886383347,3459,standard
fc4cdb6f79037e080699671080a27ffce1be75872c1cd39107a0ec92969a5f89,2,0.048120698415097016,1.1670966190586616,-0.09973753280839895,117.13385826771653,1.225208597526029,0.0002937432683834329,71863066.38138598,-535.7749398836216,0.00019582884558895524,10213,standard
fcc7dff74ceb0debf03599051a7772fc8f7749b80d03bd4ac1f65abeab162855,5,336.1582879063194,298.16945422912914,-0.049868766404199474,1518.5669291338581,-0.25549337913892806,0.782051282051282,341927.63737369084,54769.8436704572,0.6153846153846154,78,bursty
fe016d40663e76e90a342e0a8348ff15248368dd21b1d8be43b56731e2a0b6d5,1,-0.0014307422098553447,0.21350324097719658,-0.11811023622047244,1.220472440944882,-0.25571455503444385,1.0,1922622.1119241605,37.08957468556935,0.6954887218045113,266,bursty
